"","Num_obs","Replicas","Pi0","Pi1","Beta_0","Beta_1","Lambda","Pi0_est_medio","Pi1_est_medio","Beta0_est_medio","Beta1_est_medio","Lambda_est_medio","Pi0_sd","P1_sd","Beta0_sd","Beta1_sd","Lambda_sd","Pi0_est_vies","Pi1_est_vies","Beta0_est_vies","Beta1_est_vies","Lambda_est_vies","Pi0_est_vies_rel","Pi1_est_vies_rel","Beta0_est_vies_rel","Beta1_est_vies_rel","Lambda_est_vies_rel","EQM_Pi0","EQM_Pi1","EQM_Beta0","EQM_Beta1","EQM_Lambda","Tempo_Execução"
"1",10000,500,0.01,0.01,0,1,0.001,0.008982,0.008982,0.000535295994184041,1.05221976233307,0.000691162388513562,0.000402492235949962,0.000402492235949962,0.0188807878885692,0.0573825537467804,0.00992260655686631,-0.001018,-0.001018,0.000535295994184041,0.0522197623330725,-0.000308837611486438,-0.1018,-0.1018,Inf,0.0522197623330725,-0.308837611486438,1.198324e-06,1.198324e-06,0.000356770693094529,0.00601966105262471,9.85535015526349e-05,2.79860208389384
