"","Num_obs","Replicas","Pi0","Pi1","Beta_0","Beta_1","Lambda","Pi0_est_medio","Pi1_est_medio","Beta0_est_medio","Beta1_est_medio","Lambda_est_medio","Pi0_sd","P1_sd","Beta0_sd","Beta1_sd","Lambda_sd","Pi0_est_vies","Pi1_est_vies","Beta0_est_vies","Beta1_est_vies","Lambda_est_vies","Pi0_est_vies_rel","Pi1_est_vies_rel","Beta0_est_vies_rel","Beta1_est_vies_rel","Lambda_est_vies_rel","EQM_Pi0","EQM_Pi1","EQM_Beta0","EQM_Beta1","EQM_Lambda","Tempo_Execução"
"1",10000,500,0.05,0.05,0,1,0.001,0.02964,0.02964,9.76706455228906e-05,0.625016502922465,0.000423864170456681,0.00326982928715465,0.00326982928715465,0.0152769461089897,0.0702747671958526,0.00721483261842313,-0.02036,-0.02036,9.76706455228906e-05,-0.374983497077535,-0.000576135829543319,-0.4072,-0.4072,Inf,-0.374983497077535,-0.576135829543319,0.000425221383567134,0.000425221383567134,0.000233394621971974,0.145551165984929,5.23857422059459e-05,11.415298495094
