"","Num_obs","Replicas","Pi0","Pi1","Beta_0","Beta_1","Pi0_est_medio","Pi1_est_medio","Beta0_est_medio","Beta1_est_medio","Pi0_sd","P1_sd","Beta0_sd","Beta1_sd","Pi0_est_vies","Pi1_est_vies","Beta0_est_vies","Beta1_est_vies","Pi0_est_vies_rel","Pi1_est_vies_rel","Beta0_est_vies_rel","Beta1_est_vies_rel","EQM_Pi0","EQM_Pi1","EQM_Beta0","EQM_Beta1","Tempo_Execução"
"1",10000,500,0.01,0.01,0,1,0.00859159492801491,0.845132672412596,0.000998,0.98802,0.0117365946761725,0.0421458491302254,4.47213595499958e-05,0.0442741459544958,-0.00140840507198509,0.835132672412596,0.000998,-0.01198,-0.140840507198509,83.5132672412596,Inf,-0.01198,0.000139731259439555,0.699222853129911,9.98004e-07,0.0021037204,2.05177419583003
