"","Num_obs","Replicas","Pi0","Pi1","Beta_0","Beta_1","Pi0_est_medio","Pi1_est_medio","Beta0_est_medio","Beta1_est_medio","Pi0_sd","P1_sd","Beta0_sd","Beta1_sd","Pi0_est_vies","Pi1_est_vies","Beta0_est_vies","Beta1_est_vies","Pi0_est_vies_rel","Pi1_est_vies_rel","Beta0_est_vies_rel","Beta1_est_vies_rel","EQM_Pi0","EQM_Pi1","EQM_Beta0","EQM_Beta1","Tempo_Execução"
"1",10000,500,0.1,0.2,0,1,0.100874675667799,0.199793968579388,-0.00121275582072772,1.00574242668595,0.00621294256894116,0.00823053747863085,0.0456154298280013,0.0567305466135042,0.000874675667799363,-0.000206031420612013,-0.00121275582072772,0.00574242668594649,0.00874675667799363,-0.00103015710306006,-Inf,0.00574242668594649,3.93657128888014e-05,6.77841961334265e-05,0.00208223821507402,0.00325133038331044,2.33319789965947
