"","Num_obs","Replicas","Pi0","Pi1","Beta_0","Beta_1","Pi0_est_medio","Pi1_est_medio","Beta0_est_medio","Beta1_est_medio","Pi0_sd","P1_sd","Beta0_sd","Beta1_sd","Pi0_est_vies","Pi1_est_vies","Beta0_est_vies","Beta1_est_vies","Pi0_est_vies_rel","Pi1_est_vies_rel","Beta0_est_vies_rel","Beta1_est_vies_rel","EQM_Pi0","EQM_Pi1","EQM_Beta0","EQM_Beta1","Tempo_Execução"
"1",10000,500,0,0,0,1,0.000102784173415968,8.60400100113985e-05,-0.000228646978907009,0.866956091890782,0.000349609805506337,0.000375655551593584,0.0199216084624315,0.344767653487087,0.000102784173415968,8.60400100113985e-05,-0.000228646978907009,-0.133043908109218,Inf,Inf,-Inf,-0.133043908109218,1.32791602410982e-07,1.48519976765842e-07,0.000396922763171384,0.136565416375966,4.13005746603012
