"","Num_obs","Replicas","Pi0","Pi1","Beta_0","Beta_1","Pi0_est_medio","Pi1_est_medio","Beta0_est_medio","Beta1_est_medio","Pi0_sd","P1_sd","Beta0_sd","Beta1_sd","Pi0_est_vies","Pi1_est_vies","Beta0_est_vies","Beta1_est_vies","Pi0_est_vies_rel","Pi1_est_vies_rel","Beta0_est_vies_rel","Beta1_est_vies_rel","EQM_Pi0","EQM_Pi1","EQM_Beta0","EQM_Beta1","Tempo_Execução"
"1",10000,500,0.1,0.2,0,1,0.0984000034059741,0.196800000870825,3.76383471108844e-13,0.984000000012741,0.0125600765102369,0.0251201522621307,1.79229264241292e-13,0.125600760756506,-0.00159999659402589,-0.0031999991291746,3.76383471108844e-13,-0.0159999999872585,-0.0159999659402589,-0.015999995645873,Inf,-0.0159999999872585,0.000160315511043899,0.000641262044099346,1.73787646484417e-25,0.0160315511022052,1.80401258865992
