"","Num_obs","Replicas","Pi0","Pi1","Beta_0","Beta_1","Pi0_est_medio","Pi1_est_medio","Beta0_est_medio","Beta1_est_medio","Pi0_sd","P1_sd","Beta0_sd","Beta1_sd","Pi0_est_vies","Pi1_est_vies","Beta0_est_vies","Beta1_est_vies","Pi0_est_vies_rel","Pi1_est_vies_rel","Beta0_est_vies_rel","Beta1_est_vies_rel","EQM_Pi0","EQM_Pi1","EQM_Beta0","EQM_Beta1","Tempo_Execução"
"1",10000,500,0.1,0.2,0,1,0.100140869714829,0.199637392032856,0.00134221841305416,1.00403790499967,0.00634583784519611,0.00811535061310487,0.0445102180289911,0.0546080133617668,0.000140869714828726,-0.000362607967144296,0.00134221841305416,0.00403790499967127,0.00140869714828726,-0.00181303983572148,Inf,0.00403790499967127,4.02895022340791e-05,6.59904001114582e-05,0.00198296105925667,0.00299833980010527,2.72184354861577
