"","Num_obs","Replicas","Pi0","Pi1","Beta_0","Beta_1","Pi0_est_medio","Pi1_est_medio","Beta0_est_medio","Beta1_est_medio","Pi0_sd","P1_sd","Beta0_sd","Beta1_sd","Pi0_est_vies","Pi1_est_vies","Beta0_est_vies","Beta1_est_vies","Pi0_est_vies_rel","Pi1_est_vies_rel","Beta0_est_vies_rel","Beta1_est_vies_rel","EQM_Pi0","EQM_Pi1","EQM_Beta0","EQM_Beta1","Tempo_Execução"
"1",5000,100,0.1,0.2,0,1,0.101293833830239,0.200010915551098,-0.00415794852446776,1.01122735096548,0.00842409221272438,0.0117450828294613,0.0660313543555541,0.0841248555674048,0.00129383383023872,1.09155510984171e-05,-0.00415794852446776,0.0112273509654781,0.0129383383023872,5.45777554920857e-05,-Inf,0.0112273509654781,7.26393355887537e-05,0.000137947089820162,0.00437742829396088,0.00720304473393873,26.7772085666656
