"","Num_obs","Replicas","Beta_0","Beta_1","Lambda","Beta0_est_medio","Beta1_est_medio","Lambda_est_medio","Beta0_sd","Beta1_sd","Lambda_sd","Beta0_est_vies","Beta1_est_vies","Lambda_est_vies","Beta0_est_vies_rel","Beta1_est_vies_rel","Lambda_est_vies_rel","EQM_Beta0","EQM_Beta1","EQM_Lambda","Tempo_Execução"
"1",10000,500,0,1,0.001,0.00109748997591196,1.006995625583,0.00107600261708453,0.0215717500137935,0.018118793125224,0.00164002461800526,0.00109748997591196,0.00699562558300459,7.60026170845255e-05,Inf,0.00699562558300459,0.0760026170845255,0.000466544882904829,0.000377229441612254,2.69545714546698e-06,10.1325447010332
