"","Num_obs","Replicas","Beta_0","Beta_1","Lambda","Beta0_est_medio","Beta1_est_medio","Lambda_est_medio","Beta0_sd","Beta1_sd","Lambda_sd","Beta0_est_vies","Beta1_est_vies","Lambda_est_vies","Beta0_est_vies_rel","Beta1_est_vies_rel","Lambda_est_vies_rel","EQM_Beta0","EQM_Beta1","EQM_Lambda","Tempo_Execução"
"1",10000,500,0,1,0.001,-0.0081419804831087,0.332529358452005,0.00909726745372309,0.368202986945178,0.290720489322771,0.0325917527284298,-0.0081419804831087,-0.667470641547995,0.0080972674537231,-Inf,-0.667470641547995,8.0972674537231,0.135639731441538,0.530035460240564,0.00112778808612824,16.0232195666101
