"","Num_obs","Replicas","Beta_0","Beta_1","Lambda","Beta0_est_medio","Beta1_est_medio","Lambda_est_medio","Beta0_sd","Beta1_sd","Lambda_sd","Beta0_est_vies","Beta1_est_vies","Lambda_est_vies","Beta0_est_vies_rel","Beta1_est_vies_rel","Lambda_est_vies_rel","EQM_Beta0","EQM_Beta1","EQM_Lambda","Tempo_Execução"
"1",10000,500,0,1,2,-0.0232710089925191,0.347131894964238,1.99815679663277,0.374088986044246,0.298814888823005,0.00606587456173228,-0.0232710089925191,-0.652868105035762,-0.00184320336723309,-Inf,-0.652868105035762,-0.000921601683616546,0.140484109339142,0.515527100355292,4.01922328516502e-05,14.0862244270907
