"","Num_obs","Replicas","Beta_0","Beta_1","Lambda","Beta0_est_medio","Beta1_est_medio","Lambda_est_medio","Beta0_sd","Beta1_sd","Lambda_sd","Beta0_est_vies","Beta1_est_vies","Lambda_est_vies","Beta0_est_vies_rel","Beta1_est_vies_rel","Lambda_est_vies_rel","EQM_Beta0","EQM_Beta1","EQM_Lambda","Tempo_Execução"
"1",10000,500,0,1,0.001,-0.0153667026315146,0.343875382153967,0.00860768162056633,0.367800058226932,0.296597891616726,0.0325263970783273,-0.0153667026315146,-0.656124617846033,0.00760768162056633,-Inf,-0.656124617846033,7.60768162056633,0.1355130183815,0.51846982345509,0.00111584332653692,8.46087935354975
