"","Num_obs","Replicas","Beta_0","Beta_1","Lambda","Beta0_est_medio","Beta1_est_medio","Lambda_est_medio","Beta0_sd","Beta1_sd","Lambda_sd","Beta0_est_vies","Beta1_est_vies","Lambda_est_vies","Beta0_est_vies_rel","Beta1_est_vies_rel","Lambda_est_vies_rel","EQM_Beta0","EQM_Beta1","EQM_Lambda","Tempo_Execução"
"1",10000,500,0,1,1e-04,-0.0161312176476284,0.347404168529143,-0.00122909427375348,0.371546366719266,0.299613050252684,0.0330447463966473,-0.0161312176476284,-0.652595831470857,-0.00132909427375348,-Inf,-0.652595831470857,-13.2909427375348,0.138306918805083,0.515649299134857,0.00109372175600726,6.09709264304903
