"","Num_obs","Replicas","Beta_0","Beta_1","Lambda","Beta0_est_medio","Beta1_est_medio","Lambda_est_medio","Beta0_sd","Beta1_sd","Lambda_sd","Beta0_est_vies","Beta1_est_vies","Lambda_est_vies","Beta0_est_vies_rel","Beta1_est_vies_rel","Lambda_est_vies_rel","EQM_Beta0","EQM_Beta1","EQM_Lambda","Tempo_Execução"
"1",10000,500,0,1,0.001,-0.0212022886588495,0.345513791462441,1.99946686774739,0.370470245872522,0.298999801163653,0.00297335814672743,-0.0212022886588495,-0.654486208537559,1.99846686774739,-Inf,-0.654486208537559,1998.46686774739,0.13769774012122,0.517753078261773,3.99387866234274,6.26071951674091
