"","Num_obs","Replicas","Pi0","Pi1","Beta_0","Beta_1","Lambda","Pi0_est_medio","Pi1_est_medio","Beta0_est_medio","Beta1_est_medio","Lambda_est_medio","Pi0_sd","P1_sd","Beta0_sd","Beta1_sd","Lambda_sd","Pi0_est_vies","Pi1_est_vies","Beta0_est_vies","Beta1_est_vies","Lambda_est_vies","Pi0_est_vies_rel","Pi1_est_vies_rel","Beta0_est_vies_rel","Beta1_est_vies_rel","Lambda_est_vies_rel","EQM_Pi0","EQM_Pi1","EQM_Beta0","EQM_Beta1","EQM_Lambda","Tempo_Execução"
"1",10000,500,0.1,0.2,0,1,2,0.100161359784315,0.19963514144811,-0.115254696518601,1.01416150622421,1.99839061632553,0.00639187982125583,0.00806447431468173,0.0453360805721959,0.0562296802540676,0.000653099726602893,0.000161359784314793,-0.000364858551889807,-0.115254696518601,0.0141615062242135,-0.00160938367447261,0.00161359784314793,-0.00182429275944904,-Inf,0.0141615062242135,-0.000804691837236304,4.08821646293716e-05,6.51688677350486e-05,0.0153390052712435,0.00336232520001312,3.01665506454773e-06,1.65552768867601
