"","Num_obs","Replicas","Pi0","Pi1","Beta_0","Beta_1","Lambda","Pi0_est_medio","Pi1_est_medio","Beta0_est_medio","Beta1_est_medio","Lambda_est_medio","Pi0_sd","P1_sd","Beta0_sd","Beta1_sd","Lambda_sd","Pi0_est_vies","Pi1_est_vies","Beta0_est_vies","Beta1_est_vies","Lambda_est_vies","Pi0_est_vies_rel","Pi1_est_vies_rel","Beta0_est_vies_rel","Beta1_est_vies_rel","Lambda_est_vies_rel","EQM_Pi0","EQM_Pi1","EQM_Beta0","EQM_Beta1","EQM_Lambda","Tempo_Execução"
"1",10000,500,0.05,0.05,0,1,2,0.0502222617919353,0.0500283070086146,-0.0632074194720289,1.00511182380898,1.97955016251996,0.004467768184607,0.00467267649327735,0.0308991599413816,0.0360590206000033,0.000215520543762591,0.000222261791935331,2.83070086145518e-05,-0.0632074194720289,0.00511182380898334,-0.0204498374800417,0.00444523583870662,0.000566140172291035,-Inf,0.00511182380898334,-0.0102249187400208,2.00103528555408e-05,2.18347068975634e-05,0.0049499359613961,0.00132638370928555,0.000418242302064902,3.24142217501446
