"","Num_obs","Replicas","Pi0","Pi1","Beta_0","Beta_1","Lambda","Pi0_est_medio","Pi1_est_medio","Beta0_est_medio","Beta1_est_medio","Lambda_est_medio","Pi0_sd","P1_sd","Beta0_sd","Beta1_sd","Lambda_sd","Pi0_est_vies","Pi1_est_vies","Beta0_est_vies","Beta1_est_vies","Lambda_est_vies","Pi0_est_vies_rel","Pi1_est_vies_rel","Beta0_est_vies_rel","Beta1_est_vies_rel","Lambda_est_vies_rel","EQM_Pi0","EQM_Pi1","EQM_Beta0","EQM_Beta1","EQM_Lambda","Tempo_Execução"
"1",10000,500,0.1,0.2,0,1,2,5.25228213987018e-05,4.38681393051892e-05,-0.000480951659012683,0.889136835118503,1.73655854586718,0.000236158963873167,0.000207821069077862,0.0195739684310557,0.319747432184686,0.6235334027845,-0.0999474771786013,-0.199956131860695,-0.000480951659012683,-0.110863164881497,-0.263441454132816,-0.999474771786013,-0.999780659303474,-Inf,-0.110863164881497,-0.131720727066408,0.00998955396542325,0.0399824978582883,0.000383371554638271,0.114529061716242,0.45819530414363,2.47989483160553
