"","Num_obs","Replicas","Pi0","Pi1","Beta_0","Beta_1","Lambda","Pi0_est_medio","Pi1_est_medio","Beta0_est_medio","Beta1_est_medio","Lambda_est_medio","Pi0_sd","P1_sd","Beta0_sd","Beta1_sd","Lambda_sd","Pi0_est_vies","Pi1_est_vies","Beta0_est_vies","Beta1_est_vies","Lambda_est_vies","Pi0_est_vies_rel","Pi1_est_vies_rel","Beta0_est_vies_rel","Beta1_est_vies_rel","Lambda_est_vies_rel","EQM_Pi0","EQM_Pi1","EQM_Beta0","EQM_Beta1","EQM_Lambda","Tempo_Execução"
"1",10000,500,0.1,0.2,0,1,2,0.099991753149232,0.200016629016578,-0.143691598242599,1.01005712453037,1.97794944413915,7.92066467474146e-07,1.67825264480325e-06,6.33279985607927e-06,1.00896380082259e-05,1.16169629018925e-07,-8.24685076798726e-06,1.66290165782845e-05,-0.143691598242599,0.0100571245303693,-0.0220505558608519,-8.24685076798726e-05,8.31450828914226e-05,-Inf,0.0100571245303693,-0.011025277930426,6.8637916878349e-11,2.79340724300651e-10,0.0206472754456169,0.000101145855620152,0.000486227013786046,2.02464048048412
