"","Num_obs","Replicas","Pi0","Pi1","Beta_0","Beta_1","Lambda","Pi0_est_medio","Pi1_est_medio","Beta0_est_medio","Beta1_est_medio","Lambda_est_medio","Pi0_sd","P1_sd","Beta0_sd","Beta1_sd","Lambda_sd","Pi0_est_vies","Pi1_est_vies","Beta0_est_vies","Beta1_est_vies","Lambda_est_vies","Pi0_est_vies_rel","Pi1_est_vies_rel","Beta0_est_vies_rel","Beta1_est_vies_rel","Lambda_est_vies_rel","EQM_Pi0","EQM_Pi1","EQM_Beta0","EQM_Beta1","EQM_Lambda","Tempo_Execução"
"1",1000,10,0.05,0.05,0,1,0.001,0.000811992221156774,8.8630877608101e-05,-0.00204885878952928,1.02721293279611,0.000723180111650442,0.00256774486119457,0.000187290006951955,0.0686669049696798,0.0510301892013131,0.00556278352955605,-0.0491880077788432,-0.0499113691223919,-0.00204885878952928,0.0272129327961141,-0.000276819888349558,-0.983760155576865,-0.998227382447838,-Inf,0.0272129327961141,-0.276819888349558,0.00242605342292373,0.00249117984521836,0.00471934166045446,0.00334462392128764,3.10211898472859e-05,7.30565470457077
