"","Num_obs","Replicas","Pi0","Pi1","Beta_0","Beta_1","Lambda","Pi0_est_medio","Pi1_est_medio","Beta0_est_medio","Beta1_est_medio","Lambda_est_medio","Pi0_sd","P1_sd","Beta0_sd","Beta1_sd","Lambda_sd","Pi0_est_vies","Pi1_est_vies","Beta0_est_vies","Beta1_est_vies","Lambda_est_vies","Pi0_est_vies_rel","Pi1_est_vies_rel","Beta0_est_vies_rel","Beta1_est_vies_rel","Lambda_est_vies_rel","EQM_Pi0","EQM_Pi1","EQM_Beta0","EQM_Beta1","EQM_Lambda","Tempo_Execução"
"1",10000,500,0,1,0.1,0.2,2,0,0.00130732611971447,-7.30614141854483,-0.00373280946551601,1.90849210783794,0,0.00196015503082944,0.0407845054923872,0.0141986237551407,0.00257681585930953,0,-0.998692673880285,-7.40614141854483,-0.203732809465516,-0.0915078921620613,NA,-0.998692673880285,-74.0614141854482,-1.01866404732758,-0.0457539460810307,0,0.997390899069899,54.8525940873734,0.0417086585692523,0.00838033430791624,4.58985599796253
