"","Num_obs","Replicas","Pi0","Pi1","Beta_0","Beta_1","Lambda","Pi0_est_medio","Pi1_est_medio","Beta0_est_medio","Beta1_est_medio","Lambda_est_medio","Pi0_sd","P1_sd","Beta0_sd","Beta1_sd","Lambda_sd","Pi0_est_vies","Pi1_est_vies","Beta0_est_vies","Beta1_est_vies","Lambda_est_vies","Pi0_est_vies_rel","Pi1_est_vies_rel","Beta0_est_vies_rel","Beta1_est_vies_rel","Lambda_est_vies_rel","EQM_Pi0","EQM_Pi1","EQM_Beta0","EQM_Beta1","EQM_Lambda","Tempo_Execução"
"1",10000,500,0.05,0.05,0,1,0.001,6.24193005629009e-05,4.80605473023248e-05,0.000125514335306915,0.907859357757487,0.00090777969686792,0.000252786724063502,0.00024060519546226,0.0201038806016391,0.303465324882239,0.00163390988278287,-0.0499375806994371,-0.0499519394526977,0.000125514335306915,-0.0921406422425126,-9.22203031320798e-05,-0.998751613988742,-0.999038789053953,Inf,-0.0921406422425126,-0.0922203031320798,0.00249382586724066,0.00249525414594606,0.000404181769093327,0.100581101358745,2.67816608936532e-06,3.98474207156234
