"","Num_obs","Replicas","Pi0","Pi1","Beta_0","Beta_1","Lambda","Pi0_est_medio","Pi1_est_medio","Beta0_est_medio","Beta1_est_medio","Lambda_est_medio","Pi0_sd","P1_sd","Beta0_sd","Beta1_sd","Lambda_sd","Pi0_est_vies","Pi1_est_vies","Beta0_est_vies","Beta1_est_vies","Lambda_est_vies","Pi0_est_vies_rel","Pi1_est_vies_rel","Beta0_est_vies_rel","Beta1_est_vies_rel","Lambda_est_vies_rel","EQM_Pi0","EQM_Pi1","EQM_Beta0","EQM_Beta1","EQM_Lambda","Tempo_Execução"
"1",10000,500,0.1,0.2,0,1,2,3.6130364166984e-05,4.05965285172397e-05,-0.101049197655495,0.893092467753276,1.7444039440564,0.000181044613546082,0.00022302369477322,0.0430685526621472,0.3275101908844,0.638687702150744,-0.099963869635833,-0.199959403471483,-0.101049197655495,-0.106907532246724,-0.255596055943595,-0.99963869635833,-0.999797017357414,-Inf,-0.106907532246724,-0.127798027971798,0.00999280800972191,0.0399838127762397,0.0120658405752315,0.11869214558422,0.473251324692519,2.85925097789753
