"","Num_obs","Replicas","Pi0","Pi1","Beta_0","Beta_1","Lambda","Pi0_est_medio","Pi1_est_medio","Beta0_est_medio","Beta1_est_medio","Lambda_est_medio","Pi0_sd","P1_sd","Beta0_sd","Beta1_sd","Lambda_sd","Pi0_est_vies","Pi1_est_vies","Beta0_est_vies","Beta1_est_vies","Lambda_est_vies","Pi0_est_vies_rel","Pi1_est_vies_rel","Beta0_est_vies_rel","Beta1_est_vies_rel","Lambda_est_vies_rel","EQM_Pi0","EQM_Pi1","EQM_Beta0","EQM_Beta1","EQM_Lambda","Tempo_Execução"
"1",10000,500,0.1,0.2,0,1,2,0.1001611089058,0.19963396863758,-0.114968948377017,1.01420342493308,1.97837885640446,0.00639164296689715,0.00806301292654892,0.0453402456731348,0.0562427865464019,0.000661088243050608,0.00016110890579954,-0.000366031362419639,-0.114968948377017,0.0142034249330827,-0.0216211435955442,0.0016110890579954,-0.00183015681209819,-Inf,0.0142034249330827,-0.0108105717977721,4.08790558958137e-05,6.51461564119697e-05,0.0152735969686174,0.00336498831833384,0.000467910888044243,1.70809506434257
